Pred_0_Ref_0,Pred_1_Ref_0,Pred_0_Ref_1,Pred_1_Ref_1,Accuracy,Kappa,AccuracyLower,AccuracyUpper,AccuracyNull,AccuracyPValue,McnemarPValue,Sensitivity,Specificity,Pos.Pred.Value,Neg.Pred.Value,Precision,Recall,F1,Prevalence,Detection.Rate,Detection.Prevalence,Balanced.Accuracy,cm_ts,user_name
70,16,6,92,0.880434782608696,0.758126195028681,0.824587289371806,0.92353114566189,0.532608695652174,4.90170817394875e-24,0.0550088336292657,0.938775510204082,0.813953488372093,0.851851851851852,0.921052631578947,0.851851851851852,0.938775510204082,0.893203883495146,0.532608695652174,0.5,0.586956521739131,0.876364499288087,2022-04-06T14:08:55.842885Z,""
